CREATE DATABASE QLBongDa
GO
USE QLBongDa
GO

CREATE TABLE CAUTHU (
    MACT NUMERIC(10,0) IDENTITY(1,1) PRIMARY KEY, /* bắt đầu đếm từ 1, tăng 1 mỗi lần đếm */
    HOTEN NVARCHAR(100) NOT NULL,
    VITRI NVARCHAR(20) NOT NULL,
    NGAYSINH DATETIME ,
    DIACHI NVARCHAR(200) NULL,
    MACLB VARCHAR(5) NOT NULL,
    MAQG VARCHAR(5) NOT NULL,
    SO INT NOT NULL
); 
GO

--  Bảng QUOCGIA
CREATE TABLE QUOCGIA (
    MAQG VARCHAR(5) PRIMARY KEY,
    TENQG NVARCHAR(60) NOT NULL
); 
GO

-- Bảng TINH
CREATE TABLE TINH (
    MATINH VARCHAR(5) PRIMARY KEY,
    TENTINH NVARCHAR(100) NOT NULL
); 
GO

-- Bảng SANVD
CREATE TABLE SANVD (
    MASAN VARCHAR(5) PRIMARY KEY,
    TENSAN NVARCHAR(100) NOT NULL,
    DIACHI NVARCHAR(200)
); 
GO

--  Bảng CAULACBO
CREATE TABLE CAULACBO (
    MACLB VARCHAR(5) PRIMARY KEY,
    TENCLB NVARCHAR(100) NOT NULL,
    MASAN VARCHAR(5) NOT NULL,
    MATINH VARCHAR(5) NOT NULL
); 
GO

-- Bảng HUANLUYENVIEN
CREATE TABLE HUANLUYENVIEN (
    MAHLV VARCHAR(5) PRIMARY KEY,
    TENHLV NVARCHAR(100) NOT NULL,
    NGAYSINH DATETIME,
    DIACHI NVARCHAR(200),
    DIENTHOAI NVARCHAR(20),
    MAQG VARCHAR(5) NOT NULL
); 
GO

-- bảng HLV_CLB
CREATE TABLE HLV_CLB
(
    MAHLV VARCHAR(5),
    MACLB VARCHAR(5),
    VAITRO NVARCHAR(100) NOT NULL,
	PRIMARY KEY(MAHLV, MACLB),
); 
GO

-- bảng TRANDAU
CREATE TABLE TRANDAU
(
    MATRAN NUMERIC(10,0) IDENTITY(1,1) PRIMARY KEY,
    NAM INT NOT NULL,
    VONG INT NOT NULL,
    NGAYTD DATETIME NOT NULL,
    MACLB1 VARCHAR(5) NOT NULL,
    MACLB2 VARCHAR(5) NOT NULL,
    MASAN VARCHAR(5) NOT NULL,
    KETQUA VARCHAR(5) NOT NULL
); 
GO

-- bảng BXH
CREATE TABLE BANGXH
(
    MACLB VARCHAR(5),
    NAM INT,
    VONG INT,
    SOTRAN INT NOT NULL,
    THANG INT NOT NULL,
    HOA INT NOT NULL,
    THUA INT NOT NULL,
    HIEUSO VARCHAR(5) NOT NULL,
    DIEM INT NOT NULL,
    HANG INT NOT NULL,
	PRIMARY KEY(MACLB,NAM,VONG),
);
GO

-- Khóa ngoại bảng CAUTHU
ALTER TABLE CAUTHU
ADD CONSTRAINT FK_CAUTHU_MACLB
FOREIGN KEY (MACLB) REFERENCES CAULACBO(MACLB);

GO

ALTER TABLE CAUTHU
ADD CONSTRAINT FK_CAUTHU_MAQG
FOREIGN KEY (MAQG) REFERENCES QUOCGIA(MAQG);
GO

-- CAULACBO → SANVD
ALTER TABLE CAULACBO
ADD CONSTRAINT FK_CLB_SAN
FOREIGN KEY (MASAN)
REFERENCES SANVD(MASAN); 
GO

-- CAULACBO → TINH
ALTER TABLE CAULACBO
ADD CONSTRAINT FK_CLB_TINH
FOREIGN KEY (MATINH)
REFERENCES TINH(MATINH); 
GO

-- HUANLUYENVIEN → QUOCGIA
ALTER TABLE HUANLUYENVIEN
ADD CONSTRAINT FK_HLV_QG
FOREIGN KEY (MAQG)
REFERENCES QUOCGIA(MAQG); 
GO

-- HLV -> mã HLV
ALTER TABLE HLV_CLB
ADD CONSTRAINT FK_HLV_CLB_HLV
FOREIGN KEY (MAHLV)
REFERENCES HUANLUYENVIEN(MAHLV); 
GO

-- CLB -> mã CLB
ALTER TABLE HLV_CLB
ADD CONSTRAINT FK_HLV_CLB_CLB
FOREIGN KEY (MACLB)
REFERENCES CAULACBO(MACLB); 
GO

-- khóa ngoại bảng TRANDAU
-- CLB 1
ALTER TABLE TRANDAU
ADD CONSTRAINT FK_TRANDAU_CLB1
FOREIGN KEY (MACLB1)
REFERENCES CAULACBO(MACLB);

-- CLB2
ALTER TABLE TRANDAU
ADD CONSTRAINT FK_TRANDAU_CLB2
FOREIGN KEY (MACLB2)
REFERENCES CAULACBO(MACLB);

-- SAN
ALTER TABLE TRANDAU
ADD CONSTRAINT FK_TRANDAU_SAN
FOREIGN KEY (MASAN)
REFERENCES SANVD(MASAN);

-- khóa ngoại bảng BXH
ALTER TABLE BANGXH
ADD CONSTRAINT FK_BANGXH_CLB
FOREIGN KEY (MACLB)
REFERENCES CAULACBO(MACLB);
GO

INSERT INTO QUOCGIA (MAQG, TENQG) VALUES
('VN',  N'Việt Nam'),
('ANH', N'Anh Quốc'),
('TBN', N'Tây Ban Nha'),
('BDN', N'Bồ Đào Nha'),
('BRA', N'Brazil'),
('ITA', N'Ý'),
('THA', N'Thái Lan');
GO

INSERT INTO TINH (MATINH, TENTINH) VALUES
('BD', N'Bình Dương'),
('GL', N'Gia Lai'),
('DN', N'Đà Nẵng'),
('KH', N'Khánh Hòa'),
('PY', N'Phú Yên'),
('LA', N'Long An');
GO

INSERT INTO SANVD (MASAN, TENSAN, DIACHI) VALUES
('GD', N'Gò Đậu', N'123 QL1, TX Thủ Dầu Một, Bình Dương'),
('PL', N'Pleiku', N'22 Hồ Tùng Mậu, Thống Nhất, Thị xã Pleiku, Gia Lai'),
('CL', N'Chi Lăng', N'127 Võ Văn Tần, Đà Nẵng'),
('NT', N'Nha Trang', N'128 Phan Chu Trinh, Nha Trang, Khánh Hòa'),
('TH', N'Tuy Hòa', N'57 Trường Chinh, Tuy Hòa, Phú Yên'),
('LA', N'Long An', N'102 Hùng Vương, Tp Tân An, Long An');
GO

INSERT INTO CAULACBO (MACLB, TENCLB, MASAN, MATINH) VALUES
('BBD', N'BECAMEX BÌNH DƯƠNG', 'GD', 'BD'),
('HAGL', N'HOÀNG ANH GIA LAI', 'PL', 'GL'),
('SDN', N'SHB ĐÀ NẴNG', 'CL', 'DN'),
('KKH', N'KHATOCO KHÁNH HÒA', 'NT', 'KH'),
('TPY', N'THÉP PHÚ YÊN', 'TH', 'PY'),
('GDT', N'GẠCH ĐỒNG TÂM LONG AN', 'LA', 'LA');
GO

INSERT INTO HUANLUYENVIEN 
(MAHLV, TENHLV, NGAYSINH, DIACHI, DIENTHOAI, MAQG) VALUES
('HLV01', N'Vital', '1955-10-15', NULL, '0918011075', 'BDN'),
('HLV02', N'Lê Huỳnh Đức', '1972-05-20', NULL, '01223456789', 'VN'),
('HLV03', N'Kiatisuk', '1970-12-11', NULL, '01990123456', 'THA'),
('HLV04', N'Hoàng Anh Tuấn', '1970-06-10', NULL, '0989112233', 'VN'),
('HLV05', N'Trần Công Minh', '1973-07-07', NULL, '0909099990', 'VN'),
('HLV06', N'Trần Văn Phúc', '1965-03-02', NULL, '01650101234', 'VN');
GO

INSERT INTO CAUTHU
(HOTEN, VITRI, NGAYSINH, DIACHI, MACLB, MAQG, SO) VALUES
(N'Nguyễn Vũ Phong', N'Tiền vệ', '1990-02-20', NULL, 'BBD', 'VN', 17),
(N'Nguyễn Công Vinh', N'Tiền đạo', '1992-03-10', NULL, 'HAGL', 'VN', 9),
(N'Trần Tấn Tài', N'Tiền vệ', '1989-11-12', NULL, 'BBD', 'VN', 8),
(N'Phan Hồng Sơn', N'Thủ môn', '1991-06-10', NULL, 'HAGL', 'VN', 1),
(N'Ronaldo', N'Tiền vệ', '1989-12-12', NULL, 'SDN', 'BRA', 7),
(N'Robinho', N'Tiền vệ', '1989-10-12', NULL, 'SDN', 'BRA', 8),
(N'Vidic', N'Hậu vệ', '1987-10-15', NULL, 'HAGL', 'ANH', 3),
(N'Trần Văn Santos', N'Thủ môn', '1990-10-21', NULL, 'BBD', 'BRA', 1),
(N'Nguyễn Trường Sơn', N'Hậu vệ', '1993-08-26', NULL, 'BBD', 'VN', 4);
GO

INSERT INTO HLV_CLB (MAHLV, MACLB, VAITRO) VALUES
('HLV01', 'BBD', N'HLV Chính'),
('HLV02', 'SDN', N'HLV Chính'),
('HLV03', 'HAGL', N'HLV Chính'),
('HLV04', 'KKH', N'HLV Chính'),
('HLV05', 'GDT', N'HLV Chính'),
('HLV06', 'BBD', N'HLV thủ môn');
GO

INSERT INTO TRANDAU
(NAM, VONG, NGAYTD, MACLB1, MACLB2, MASAN, KETQUA) VALUES
(2009, 1, '2009-02-07', 'BBD', 'SDN', 'GD', '3-0'),
(2009, 1, '2009-02-07', 'KKH', 'GDT', 'NT', '1-1'),
(2009, 2, '2009-02-16', 'SDN', 'KKH', 'CL', '2-2'),
(2009, 2, '2009-02-16', 'TPY', 'BBD', 'TH', '5-0'),
(2009, 3, '2009-03-01', 'TPY', 'GDT', 'TH', '0-2'),
(2009, 3, '2009-03-01', 'KKH', 'BBD', 'NT', '0-1'),
(2009, 4, '2009-03-07', 'KKH', 'TPY', 'NT', '1-0'),
(2009, 4, '2009-03-07', 'BBD', 'GDT', 'GD', '2-2');
GO

INSERT INTO BANGXH
(MACLB, NAM, VONG, SOTRAN, THANG, HOA, THUA, HIEUSO, DIEM, HANG)
VALUES
('BBD', 2009, 1, 1, 1, 0, 0, '3-0', 3, 1),
('KKH', 2009, 1, 1, 0, 1, 0, '1-1', 1, 2),
('GDT', 2009, 1, 1, 0, 1, 0, '1-1', 1, 3),
('TPY', 2009, 1, 0, 0, 0, 0, '0-0', 0, 4),
('SDN', 2009, 1, 1, 0, 0, 1, '0-3', 0, 5),

('TPY', 2009, 2, 1, 1, 0, 0, '5-0', 3, 1),
('BBD', 2009, 2, 2, 1, 0, 1, '3-5', 3, 2),
('KKH', 2009, 2, 2, 0, 2, 0, '3-3', 2, 3),
('GDT', 2009, 2, 1, 0, 1, 0, '1-1', 1, 4),
('SDN', 2009, 2, 2, 1, 1, 0, '2-5', 1, 5),

('BBD', 2009, 3, 3, 2, 0, 1, '4-5', 6, 1),
('GDT', 2009, 3, 2, 1, 1, 0, '3-1', 4, 2),
('TPY', 2009, 3, 2, 1, 0, 1, '5-2', 3, 3),
('KKH', 2009, 3, 3, 0, 2, 1, '3-4', 2, 4),
('SDN', 2009, 3, 2, 1, 1, 0, '2-5', 1, 5),

('BBD', 2009, 4, 4, 2, 1, 1, '6-7', 7, 1),
('GDT', 2009, 4, 3, 1, 2, 0, '5-1', 5, 2),
('KKH', 2009, 4, 4, 1, 2, 1, '4-4', 5, 3),
('TPY', 2009, 4, 3, 1, 0, 2, '5-3', 3, 4),
('SDN', 2009, 4, 2, 1, 1, 0, '2-5', 1, 5);

-- CÂU D: TẠO các user cho DB 
-- Tạo login
CREATE LOGIN BDAdmin
WITH PASSWORD = '123456';

-- Tạo user trong database
CREATE USER BDAdmin
FOR LOGIN BDAdmin;

-- Cấp toàn quyền database
ALTER ROLE db_owner
ADD MEMBER BDAdmin;

 -- user BDBK
CREATE LOGIN BDBK WITH PASSWORD = '123456';
CREATE USER BDBK FOR LOGIN BDBK; 
ALTER ROLE db_backupoperator ADD MEMBER BDBK;

-- user chi doc
-- Tạo login
CREATE LOGIN BDRead
WITH PASSWORD = '123456';
GO
CREATE USER BDRead
FOR LOGIN BDRead;
GO
-- Cấp quyền chỉ đọc
ALTER ROLE db_datareader
ADD MEMBER BDRead;
GO
-- BDU01: được phép tạo bảng
CREATE LOGIN BDU01
WITH PASSWORD = '123456';
GO
CREATE USER BDU01
FOR LOGIN BDU01;
GO
-- Cho phép tạo table
GRANT CREATE TABLE TO BDU01;

-- BDU02: được phép update
CREATE LOGIN BDU02
WITH PASSWORD = '123456';
GO
CREATE USER BDU02
FOR LOGIN BDU02;
GO
-- Chỉ cấp quyền UPDATE
GRANT UPDATE TO BDU02;

-- BDU03: toàn bộ quyền thao tác bảng -> insert, select, update, delete
CREATE LOGIN BDU03
WITH PASSWORD = '123456';
GO
CREATE USER BDU03
FOR LOGIN BDU03;
GO
-- Cấp quyền đầy đủ trên CAULACBO
-- GRANT ... = cấp toàn bộ, GRANT ... ON <BẢNG> = cấp quyền chỉ trên bảng đó 
GRANT SELECT, INSERT, UPDATE, DELETE
ON CAULACBO
TO BDU03;
GO
-- BDProfile: 
-- Tạo login
CREATE LOGIN BDProfile
WITH PASSWORD = '123456';

-- Cấp quyền sysadmin (server level)
ALTER SERVER ROLE sysadmin
ADD MEMBER BDProfile;

-- Tạo user trong database (nếu cần)
CREATE USER BDProfile
FOR LOGIN BDProfile;

-- BDU04
CREATE LOGIN BDU04
WITH PASSWORD = '123456';
GO
CREATE USER BDU04
FOR LOGIN BDU04;
GO
GRANT SELECT, UPDATE, DELETE, INSERT 
ON CAUTHU
TO BDU04;
GO
DENY SELECT 
ON CAUTHU(NGAYSINH)
TO BDU04;

DENY UPDATE
ON CAUTHU(VITRI)
TO BDU04;
GO

-- store procedure 1
CREATE PROCEDURE SP_SEL_NO_ENCRYPT
    @TenCLB NVARCHAR(100),
    @TenQG  NVARCHAR(60)
AS
BEGIN
    SELECT 
        CT.MACT,
        CT.HOTEN,
        CT.NGAYSINH,
        CT.DIACHI,
        CT.VITRI
    FROM CAUTHU CT
    JOIN CAULACBO CLB ON CT.MACLB = CLB.MACLB
    JOIN QUOCGIA QG ON CT.MAQG = QG.MAQG
    WHERE CLB.TENCLB = @TenCLB
      AND QG.TENQG = @TenQG
END;
-- store procedure 2
GO
CREATE PROCEDURE SP_SEL_ENCRYPT
    @TenCLB NVARCHAR(100),
    @TenQG  NVARCHAR(60)
WITH ENCRYPTION -- MA HOA
AS
BEGIN
    SELECT 
        CT.MACT,
        CT.HOTEN,
        CT.NGAYSINH,
        CT.DIACHI,
        CT.VITRI
    FROM CAUTHU CT
    JOIN CAULACBO CLB ON CT.MACLB = CLB.MACLB
    JOIN QUOCGIA QG ON CT.MAQG = QG.MAQG
    WHERE CLB.TENCLB = @TenCLB
      AND QG.TENQG = @TenQG
END;
GO


-- cau i
--  vCau1 1) Cầu thủ thuộc “SHB Đà Nẵng” có quốc tịch “Brazil”
CREATE OR ALTER VIEW dbo.vCau1
AS
SELECT
    CT.MACT,
    CT.HOTEN,
    CT.NGAYSINH,
    CT.DIACHI,
    CT.VITRI
FROM dbo.CAUTHU AS CT
JOIN dbo.CAULACBO AS CLB ON CT.MACLB = CLB.MACLB
JOIN dbo.QUOCGIA  AS QG  ON CT.MAQG  = QG.MAQG
WHERE CLB.TENCLB = N'SHB ĐÀ NẴNG'
  AND QG.TENQG  = N'Brazil';
GO

--  vCau2 2) Kết quả các trận vòng 3, năm 2009
CREATE OR ALTER VIEW dbo.vCau2
AS
SELECT
    TD.MATRAN,
    TD.NGAYTD,
    S.TENSAN,
    CLB1.TENCLB AS TENCLB1,
    CLB2.TENCLB AS TENCLB2,
    TD.KETQUA
FROM dbo.TRANDAU AS TD
JOIN dbo.SANVD   AS S    ON TD.MASAN  = S.MASAN
JOIN dbo.CAULACBO AS CLB1 ON TD.MACLB1 = CLB1.MACLB
JOIN dbo.CAULACBO AS CLB2 ON TD.MACLB2 = CLB2.MACLB
WHERE TD.NAM = 2009
  AND TD.VONG = 3;
GO

--  vCau3 3) HLV quốc tịch “Việt Nam” + CLB đang làm việc
CREATE OR ALTER VIEW dbo.vCau3
AS
SELECT
    HLV.MAHLV,
    HLV.TENHLV,
    HLV.NGAYSINH,
    HLV.DIACHI,
    HC.VAITRO,
    CLB.TENCLB
FROM dbo.HUANLUYENVIEN AS HLV
JOIN dbo.QUOCGIA       AS QG  ON HLV.MAQG = QG.MAQG
JOIN dbo.HLV_CLB       AS HC  ON HLV.MAHLV = HC.MAHLV
JOIN dbo.CAULACBO      AS CLB ON HC.MACLB  = CLB.MACLB
WHERE QG.TENQG = N'Việt Nam';
GO

--vCau4 4) CLB + sân + địa chỉ + số cầu thủ nước ngoài (>2) (nước ngoài = quốc tịch khác “Việt Nam”)
CREATE OR ALTER VIEW dbo.vCau4
AS
SELECT
    CLB.MACLB,
    CLB.TENCLB,
    S.TENSAN,
    S.DIACHI,
    COUNT(*) AS SoLuongCauThuNuocNgoai
FROM dbo.CAULACBO AS CLB
JOIN dbo.SANVD    AS S   ON CLB.MASAN = S.MASAN
JOIN dbo.CAUTHU   AS CT  ON CT.MACLB  = CLB.MACLB
JOIN dbo.QUOCGIA  AS QG  ON CT.MAQG   = QG.MAQG
WHERE QG.TENQG <> N'Việt Nam'
GROUP BY
    CLB.MACLB, CLB.TENCLB, S.TENSAN, S.DIACHI
HAVING COUNT(*) > 2;
GO

-- vCau5 5) Tên tỉnh + số lượng cầu thủ vị trí “Tiền đạo” trong các CLB thuộc tỉnh đó
CREATE OR ALTER VIEW dbo.vCau5
AS
SELECT
    T.TENTINH,
    COUNT(*) AS SoLuongTienDao
FROM dbo.TINH      AS T
JOIN dbo.CAULACBO  AS CLB ON CLB.MATINH = T.MATINH
JOIN dbo.CAUTHU    AS CT  ON CT.MACLB   = CLB.MACLB
WHERE CT.VITRI = N'Tiền đạo'
GROUP BY T.TENTINH;
GO

-- vCau6 6) Tên CLB + tên tỉnh của CLB đứng hạng cao nhất ở BXH vòng 3 năm 2009 
CREATE OR ALTER VIEW dbo.vCau6
AS
SELECT TOP (1)
    CLB.TENCLB,
    T.TENTINH
FROM dbo.BANGXH   AS BXH
JOIN dbo.CAULACBO AS CLB ON BXH.MACLB  = CLB.MACLB
JOIN dbo.TINH     AS T   ON CLB.MATINH = T.MATINH
WHERE BXH.NAM = 2009
  AND BXH.VONG = 3
ORDER BY BXH.HANG ASC;
GO

-- vCau7 7) Tên HLV đang giữ vị trí trong CLB nhưng chưa có SĐT
CREATE OR ALTER VIEW dbo.vCau7
AS
SELECT DISTINCT
    HLV.TENHLV
FROM dbo.HUANLUYENVIEN AS HLV
JOIN dbo.HLV_CLB       AS HC ON HLV.MAHLV = HC.MAHLV
WHERE HLV.DIENTHOAI IS NULL
   OR LTRIM(RTRIM(HLV.DIENTHOAI)) = N'';
GO

-- vCau8 8) HLV quốc tịch Việt Nam chưa làm HLV ở CLB nào
CREATE OR ALTER VIEW dbo.vCau8
AS
SELECT
    HLV.MAHLV,
    HLV.TENHLV,
    HLV.NGAYSINH,
    HLV.DIACHI,
    HLV.DIENTHOAI
FROM dbo.HUANLUYENVIEN AS HLV
JOIN dbo.QUOCGIA       AS QG ON HLV.MAQG = QG.MAQG
LEFT JOIN dbo.HLV_CLB  AS HC ON HLV.MAHLV = HC.MAHLV
WHERE QG.TENQG = N'Việt Nam'
  AND HC.MAHLV IS NULL;
GO

--  vCau9 9) DS trận đấu của CLB xếp hạng cao nhất tính đến hết vòng 3 năm 2009
CREATE OR ALTER VIEW dbo.vCau9
AS
WITH TopCLB AS
(
    SELECT TOP (1) BXH.MACLB
    FROM dbo.BANGXH AS BXH
    WHERE BXH.NAM = 2009 AND BXH.VONG = 3
    ORDER BY BXH.HANG ASC
)
SELECT
    TD.NGAYTD,
    S.TENSAN,
    CLB1.TENCLB AS TENCLB1,
    CLB2.TENCLB AS TENCLB2,
    TD.KETQUA
FROM dbo.TRANDAU AS TD
JOIN dbo.SANVD   AS S    ON TD.MASAN  = S.MASAN
JOIN dbo.CAULACBO AS CLB1 ON TD.MACLB1 = CLB1.MACLB
JOIN dbo.CAULACBO AS CLB2 ON TD.MACLB2 = CLB2.MACLB
CROSS JOIN TopCLB AS T
WHERE TD.NAM = 2009
  AND TD.VONG <= 3
  AND (TD.MACLB1 = T.MACLB OR TD.MACLB2 = T.MACLB);
GO

--  vCau10 10) DS trận đấu của CLB hạng thấp nhất trong BXH vòng 3 năm 2009
CREATE OR ALTER VIEW dbo.vCau10
AS
WITH BottomCLB AS
(
    SELECT TOP (1) BXH.MACLB
    FROM dbo.BANGXH AS BXH
    WHERE BXH.NAM = 2009 AND BXH.VONG = 3
    ORDER BY BXH.HANG DESC
)
SELECT
    TD.NGAYTD,
    S.TENSAN,
    CLB1.TENCLB AS TENCLB1,
    CLB2.TENCLB AS TENCLB2,
    TD.KETQUA
FROM dbo.TRANDAU AS TD
JOIN dbo.SANVD   AS S    ON TD.MASAN  = S.MASAN
JOIN dbo.CAULACBO AS CLB1 ON TD.MACLB1 = CLB1.MACLB
JOIN dbo.CAULACBO AS CLB2 ON TD.MACLB2 = CLB2.MACLB
CROSS JOIN BottomCLB AS B
WHERE TD.NAM = 2009
  AND TD.VONG <= 3
  AND (TD.MACLB1 = B.MACLB OR TD.MACLB2 = B.MACLB);
GO

--PHÂN QUYỀN TRUY XUẤT VIEW (theo bảng yêu cầu)
-- BDRead : vCau1 -> vCau10
-- BDU01  : vCau5 -> vCau10
-- BDU03  : vCau1 -> vCau4
-- BDU04  : vCau1 -> vCau4

-- 1) BDRead: được phép truy xuất tất cả các View
GRANT SELECT ON OBJECT::dbo.vCau1  TO BDRead;
GRANT SELECT ON OBJECT::dbo.vCau2  TO BDRead;
GRANT SELECT ON OBJECT::dbo.vCau3  TO BDRead;
GRANT SELECT ON OBJECT::dbo.vCau4  TO BDRead;
GRANT SELECT ON OBJECT::dbo.vCau5  TO BDRead;
GRANT SELECT ON OBJECT::dbo.vCau6  TO BDRead;
GRANT SELECT ON OBJECT::dbo.vCau7  TO BDRead;
GRANT SELECT ON OBJECT::dbo.vCau8  TO BDRead;
GRANT SELECT ON OBJECT::dbo.vCau9  TO BDRead;
GRANT SELECT ON OBJECT::dbo.vCau10 TO BDRead;
GO

-- 2) BDU01: chỉ được phép truy xuất các View vCau5 -> vCau10
GRANT SELECT ON OBJECT::dbo.vCau5  TO BDU01;
GRANT SELECT ON OBJECT::dbo.vCau6  TO BDU01;
GRANT SELECT ON OBJECT::dbo.vCau7  TO BDU01;
GRANT SELECT ON OBJECT::dbo.vCau8  TO BDU01;
GRANT SELECT ON OBJECT::dbo.vCau9  TO BDU01;
GRANT SELECT ON OBJECT::dbo.vCau10 TO BDU01;
GO

-- 3) BDU03: được phép truy xuất View vCau1 -> vCau4
GRANT SELECT ON OBJECT::dbo.vCau1 TO BDU03;
GRANT SELECT ON OBJECT::dbo.vCau2 TO BDU03;
GRANT SELECT ON OBJECT::dbo.vCau3 TO BDU03;
GRANT SELECT ON OBJECT::dbo.vCau4 TO BDU03;
GO

-- 4) BDU04: được phép truy xuất View vCau1 -> vCau4
GRANT SELECT ON OBJECT::dbo.vCau1 TO BDU04;
GRANT SELECT ON OBJECT::dbo.vCau2 TO BDU04;
GRANT SELECT ON OBJECT::dbo.vCau3 TO BDU04;
GRANT SELECT ON OBJECT::dbo.vCau4 TO BDU04;




-- j)

GO

-- SPCau1
CREATE OR ALTER PROCEDURE SPCau1
    @TenCLB NVARCHAR(100),
    @TenQG NVARCHAR(60)
AS
BEGIN
    SELECT ct.MACT, ct.HOTEN, ct.NGAYSINH, ct.DIACHI, ct.VITRI
    FROM CAUTHU ct
    JOIN CAULACBO clb ON ct.MACLB = clb.MACLB
    JOIN QUOCGIA qg ON ct.MAQG = qg.MAQG
    WHERE clb.TENCLB = @TenCLB
      AND qg.TENQG = @TenQG
END
GO

-- SPCau2
CREATE OR ALTER PROCEDURE SPCau2
    @Vong INT,
    @Nam INT
AS
BEGIN
    SELECT td.MATRAN, td.NGAYTD, s.TENSAN,
           clb1.TENCLB AS TENCLB1,
           clb2.TENCLB AS TENCLB2,
           td.KETQUA
    FROM TRANDAU td
    JOIN SANVD s ON td.MASAN = s.MASAN
    JOIN CAULACBO clb1 ON td.MACLB1 = clb1.MACLB
    JOIN CAULACBO clb2 ON td.MACLB2 = clb2.MACLB
    WHERE td.VONG = @Vong
      AND td.NAM = @Nam
END
GO

-- SPCau3
CREATE OR ALTER PROCEDURE SPCau3
    @TenQG NVARCHAR(60)
AS
BEGIN
    SELECT hlv.MAHLV, hlv.TENHLV, hlv.NGAYSINH,
           hlv.DIACHI, hclb.VAITRO, clb.TENCLB
    FROM HUANLUYENVIEN hlv
    JOIN HLV_CLB hclb ON hlv.MAHLV = hclb.MAHLV
    JOIN CAULACBO clb ON hclb.MACLB = clb.MACLB
    JOIN QUOCGIA qg ON hlv.MAQG = qg.MAQG
    WHERE qg.TENQG = @TenQG
END
GO

-- SPCau4
CREATE OR ALTER PROCEDURE SPCau4
    @TenQG NVARCHAR(60)
AS
BEGIN
    SELECT clb.MACLB, clb.TENCLB, s.TENSAN, s.DIACHI,
           COUNT(*) AS SoCauThuNuocNgoai
    FROM CAULACBO clb
    JOIN SANVD s ON clb.MASAN = s.MASAN
    JOIN CAUTHU ct ON clb.MACLB = ct.MACLB
    JOIN QUOCGIA qg ON ct.MAQG = qg.MAQG
    WHERE qg.TENQG <> @TenQG
    GROUP BY clb.MACLB, clb.TENCLB, s.TENSAN, s.DIACHI
    HAVING COUNT(*) > 2
END
GO

-- SPCau5
CREATE OR ALTER PROCEDURE SPCau5
AS
BEGIN
    SELECT t.TENTINH, COUNT(*) AS SoTienDao
    FROM TINH t
    JOIN CAULACBO clb ON t.MATINH = clb.MATINH
    JOIN CAUTHU ct ON clb.MACLB = ct.MACLB
    WHERE ct.VITRI = N'Tiền đạo'
    GROUP BY t.TENTINH
END
GO

-- SPCau6
CREATE OR ALTER PROCEDURE SPCau6
    @Vong INT,
    @Nam INT
AS
BEGIN
    SELECT clb.TENCLB, t.TENTINH
    FROM BANGXH bxh
    JOIN CAULACBO clb ON bxh.MACLB = clb.MACLB
    JOIN TINH t ON clb.MATINH = t.MATINH
    WHERE bxh.VONG = @Vong
      AND bxh.NAM = @Nam
      AND bxh.HANG = 1
END
GO

-- SPCau7
CREATE OR ALTER PROCEDURE SPCau7
AS
BEGIN
    SELECT hlv.TENHLV
    FROM HUANLUYENVIEN hlv
    JOIN HLV_CLB hclb ON hlv.MAHLV = hclb.MAHLV
    WHERE hlv.DIENTHOAI IS NULL
END
GO

-- SPCau8
CREATE OR ALTER PROCEDURE SPCau8
AS
BEGIN
    SELECT hlv.MAHLV, hlv.TENHLV
    FROM HUANLUYENVIEN hlv
    JOIN QUOCGIA qg ON hlv.MAQG = qg.MAQG
    WHERE qg.TENQG = N'Việt Nam'
      AND hlv.MAHLV NOT IN (SELECT MAHLV FROM HLV_CLB)
END
GO

-- SPCau9
CREATE OR ALTER PROCEDURE SPCau9
    @Vong INT,
    @Nam INT
AS
BEGIN
    DECLARE @MACLB VARCHAR(5)

    SELECT @MACLB = MACLB
    FROM BANGXH
    WHERE VONG = @Vong
      AND NAM = @Nam
      AND HANG = 1

    SELECT td.NGAYTD, s.TENSAN,
           clb1.TENCLB AS TENCLB1,
           clb2.TENCLB AS TENCLB2,
           td.KETQUA
    FROM TRANDAU td
    JOIN SANVD s ON td.MASAN = s.MASAN
    JOIN CAULACBO clb1 ON td.MACLB1 = clb1.MACLB
    JOIN CAULACBO clb2 ON td.MACLB2 = clb2.MACLB
    WHERE td.MACLB1 = @MACLB
       OR td.MACLB2 = @MACLB
END
GO

-- SPCau10
CREATE OR ALTER PROCEDURE SPCau10
    @Vong INT,
    @Nam INT
AS
BEGIN
    DECLARE @MACLB VARCHAR(5)

    SELECT @MACLB = MACLB
    FROM BANGXH
    WHERE VONG = @Vong
      AND NAM = @Nam
      AND HANG = (
            SELECT MAX(HANG)
            FROM BANGXH
            WHERE VONG = @Vong
              AND NAM = @Nam
      )

    SELECT td.NGAYTD, s.TENSAN,
           clb1.TENCLB AS TENCLB1,
           clb2.TENCLB AS TENCLB2,
           td.KETQUA
    FROM TRANDAU td
    JOIN SANVD s ON td.MASAN = s.MASAN
    JOIN CAULACBO clb1 ON td.MACLB1 = clb1.MACLB
    JOIN CAULACBO clb2 ON td.MACLB2 = clb2.MACLB
    WHERE td.MACLB1 = @MACLB
       OR td.MACLB2 = @MACLB
END
GO

-- PHÂN QUYỀN

/* BDRead: chạy tất cả */
GRANT EXECUTE ON SCHEMA::dbo TO BDRead;
GO

/* BDU01: chỉ SPCau5 -> SPCau10 */
GRANT EXECUTE ON SPCau5 TO BDU01;
GRANT EXECUTE ON SPCau6 TO BDU01;
GRANT EXECUTE ON SPCau7 TO BDU01;
GRANT EXECUTE ON SPCau8 TO BDU01;
GRANT EXECUTE ON SPCau9 TO BDU01;
GRANT EXECUTE ON SPCau10 TO BDU01;
GO

/* BDU03: chỉ SPCau1 -> SPCau4 */
GRANT EXECUTE ON SPCau1 TO BDU03;
GRANT EXECUTE ON SPCau2 TO BDU03;
GRANT EXECUTE ON SPCau3 TO BDU03;
GRANT EXECUTE ON SPCau4 TO BDU03;
GO

/* BDU04: chỉ SPCau1 -> SPCau4 */
GRANT EXECUTE ON SPCau1 TO BDU04;
GRANT EXECUTE ON SPCau2 TO BDU04;
GRANT EXECUTE ON SPCau3 TO BDU04;
GRANT EXECUTE ON SPCau4 TO BDU04;
GO

EXECUTE AS USER = 'BDRead';
EXEC SPCau1 N'SHB Đà Nẵng', N'Brazil';
EXEC SPCau9 3, 2009;
REVERT;

EXECUTE AS USER = 'BDU01';
EXEC SPCau3 N'Việt Nam';
EXEC SPCau10 3, 2009;
REVERT;

EXECUTE AS USER = 'BDU03';
EXEC SPCau1 N'SHB Đà Nẵng', N'Brazil';
EXEC SPCau10 3, 2009;
EXEC SPCau3 N'Việt Nam';
EXEC SPCau4 N'Việt Nam';
REVERT;

EXECUTE AS USER = 'BDU04';
EXEC SPCau1 N'SHB Đà Nẵng', N'Brazil';
EXEC SPCau10 3, 2009;
EXEC SPCau3 N'Việt Nam';
EXEC SPCau4 N'Việt Nam';
REVERT;
